Entrez_Gene_ID	Symbol	Ensembl_Gene_ID	MIM_number
100033411	DUXB	ENSG00000282757	618698
100033413	SNORD116-1	ENSG00000207063	605436
100033819	MIR675	ENSG00000284010	615509
100038246	TLX1NB	ENSG00000236311	612734
100101267	POM121C	ENSG00000272391	615754
100124700	HOTAIR	ENSG00000228630	611400
100126270	FMR1-AS1	ENSG00000268066	300805
100126296	MIR298	ENSG00000216031	614914
100126299	VTRNA2-1	ENSG00000278815	614938
100126314	MIR877	ENSG00000216101	611619
100126316	MIR873	ENSG00000215939	616137
100126336	MIR208B	ENSG00000215991	613613
100126337	MIR509-3	ENSG00000212014	300876
100126354	MIR297	ENSG00000215961	615520
100126355	MIR365A	ENSG00000199130	614735
100126791	EGOT	ENSG00000235947	611662
100130476	WAKMAR2	ENSG00000237499	618508
100130520	CD300H	ENSG00000284690	616560
100131755	ARMCX4	ENSG00000196440	301046
100132417	FCGR1CP	ENSG00000265531	601503
100133941	CD24	ENSG00000272398	600074
100134444	KCNJ18	ENSG00000260458	613236
10013	HDAC6	ENSG00000094631	300272
100147744	RNU7-1	ENSG00000238923	617876
100151683	RNU4ATAC	ENSG00000264229	601428
100151684	RNU6ATAC	ENSG00000221676	601429
100270680	CASC11	ENSG00000249375	617704
100271873	AIRN	ENSG00000268257	604893
100287082	GACAT2	ENSG00000265962	616131
100288687	DUX4	ENSG00000260596	606009
100302129	MIR1915	ENSG00000222071	615202
100302172	MIR1258	ENSG00000221240	614488
100302522	PTCSC1	ENSG00000287736	617440
100302692	FTX	ENSG00000230590	300936
100313781	MIR718	ENSG00000284286	300929
100419743	DBET	ENSG00000281591	614865
100422882	MIR3120	ENSG00000283152	614722
100422910	MIR2861	ENSG00000284547	613405
100423042	MIR4276	ENSG00000265846	616274
10046	MAMLD1	ENSG00000013619	300120
100499467	LINC00673	ENSG00000227036	617079
100505495	PCAT19	ENSG00000267107	618192
100505576	LINC00672	ENSG00000263874	617544
100505854	APTR	ENSG00000214293	616048
100505994	LUCAT1	ENSG00000248323	618190
100506305	LINC00958	ENSG00000251381	618335
100506380	LINC01006	ENSG00000182648	610242
100506421	PANTR1	ENSG00000233639	618169
100506542	LINC01082	ENSG00000269186	614978
100506668	NRAV	ENSG00000248008	616207
100506742	CASP12	ENSG00000204403	608633
100507043	TUNAR	ENSG00000250366	615719
100507436	MICA	ENSG00000204520	600169
100507537	STRIT1	ENSG00000240045	616891
100507679	MUC22	ENSG00000261272	613917
100526820	CAHM	ENSG00000270419	615930
100616436	MIR4449	ENSG00000264585	614627
100630918	PARTICL	ENSG00000286532	616350
10067	SCAMP3	ENSG00000116521	606913
100750225	PCAT1	ENSG00000253438	616043
10084	PQBP1	ENSG00000102103	300463
100859930	HEIH	ENSG00000278970	618615
100861563	SCAANT1	ENSG00000280620	614481
10086	HHLA1	ENSG00000132297	604109
100874054	FALEC	ENSG00000228126	616092
100885779	LINC-ROR	ENSG00000258609	615173
100996425	ARLNC1	ENSG00000260896	618053
100996763	NOTCH2NLB	ENSG00000286019	618024
101060321	TBC1D3G	ENSG00000260287	610810
101060389	TBC1D3D	ENSG00000274419	610807
101060691	NUTM2B-AS1	ENSG00000225484	618639
10107	TRIM10	ENSG00000204613	605701
101154753	PANDAR	ENSG00000281450	617179
101180976	IFNL4	ENSG00000272395	615090
101234261	LSINCT5	ENSG00000281560	615764
101241891	LINC00850	ENSG00000280752	300892
101241892	NPTN-IT1	ENSG00000281183	615176
10134	BCAP31	ENSG00000185825	300398
101669767	SCHLAP1	ENSG00000281131	615568
101867536	PRNCR1	ENSG00000282961	615452
101927152	SAMMSON	ENSG00000240405	616895
101928941	RHOXF1P1	ENSG00000234493	300973
10211	FLOT1	ENSG00000137312	606998
1022	CDK7	ENSG00000134058	601955
10230	NBR2	ENSG00000198496	618708
10245	TIMM17B	ENSG00000126768	300249
102467146	MAFTRR	ENSG00000261390	616264
10255	HCG9	ENSG00000204625	615797
102682016	LINC01159	ENSG00000229743	618208
102723859	TBC1D3E	ENSG00000278599	610808
10288	LILRB2	ENSG00000131042	604815
10300	KATNB1	ENSG00000140854	602703
10301	DLEU1	ENSG00000176124	605765
103164619	PCAT2	ENSG00000254166	617678
103344929	BGLT3	ENSG00000260629	616308
10344	CCL26	ENSG00000006606	604697
103752554	MYCNUT	ENSG00000223850	615968
103752588	PACERR	ENSG00000273129	617650
10401	PIAS3	ENSG00000131788	605987
10408	MYCNOS	ENSG00000233718	605374
1041	CDSN	ENSG00000204539	602593
104472713	PCAT29	ENSG00000245750	616273
10471	PFDN6	ENSG00000204220	605660
104797537	GACAT3	ENSG00000236289	616132
10479	SLC9A6	ENSG00000198689	300231
10525	HYOU1	ENSG00000149428	601746
10536	P3H3	ENSG00000110811	610342
105371045	PERCC1	ENSG00000284395	618656
105371346	CPHXL	ENSG00000283755	618700
105372556	LINC00237	ENSG00000225127	614992
10537	UBD	ENSG00000213886	606050
10554	AGPAT1	ENSG00000204310	603099
105664404	WSPAR	ENSG00000249073	616333
10567	RABAC1	ENSG00000105404	604925
10603	SH2B2	ENSG00000160999	605300
10623	POLR3C	ENSG00000186141	617454
10628	TXNIP	ENSG00000265972	606599
10632	ATP5MG	ENSG00000167283	617473
10665	TSBP1	ENSG00000204296	618151
1066	CES1	ENSG00000198848	114835
10682	EBP	ENSG00000147155	300205
1069	CETN2	ENSG00000147400	300006
10752	CHL1	ENSG00000134121	607416
10771	ZMYND11	ENSG00000015171	608668
10801	SEPTIN9	ENSG00000184640	604061
10824	DIAPH2-AS1	ENSG00000236256	300347
10859	LILRB1	ENSG00000104972	604811
10866	HCP5	ENSG00000206337	604676
10895	PPBPP2	ENSG00000248848	611591
10919	EHMT2	ENSG00000204371	604599
10929	SRSF8	ENSG00000263465	603269
10990	LILRB5	ENSG00000105609	604814
11000	SLC27A3	ENSG00000143554	604193
11006	LILRB4	ENSG00000186818	604821
11013	TMSB15A	ENSG00000158164	300939
110231149	PANCR	ENSG00000250103	617286
11025	LILRB3	ENSG00000204577	604820
11027	LILRA2	ENSG00000239998	604812
11040	PIM2	ENSG00000102096	300295
11074	TRIM31	ENSG00000204616	609316
11144	DMC1	ENSG00000100206	602721
11158	RABL2B	ENSG00000079974	605413
11183	MAP4K5	ENSG00000012983	604923
11186	RASSF1	ENSG00000068028	605082
11191	PTENP1	ENSG00000237984	613531
11219	TREX2	ENSG00000183479	300370
11230	PRAF2	ENSG00000243279	300840
11232	POLG2	ENSG00000256525	604983
112441434	SHLD3	ENSG00000253251	618030
11272	PRR4	ENSG00000111215	605359
113235	SLC46A1	ENSG00000076351	611672
113246	C12orf57	ENSG00000111678	615140
11331	PHB2	ENSG00000215021	610704
11334	TUSC2	ENSG00000114383	607052
113419	TEX261	ENSG00000144043	618562
114049	BUD23	ENSG00000071462	615733
114758	CSPG4P1Y	ENSG00000240450	400034
114760	TTTY3	ENSG00000231141	400036
114761	TTTY4	ENSG00000226906	400037
114821	ZBED9	ENSG00000232040	615254
114824	PNMA5	ENSG00000198883	300916
115286	SLC25A26	ENSG00000144741	611037
115677	NOSTRIN	ENSG00000163072	607496
116442	RAB39B	ENSG00000155961	300774
116511	MAS1L	ENSG00000204687	607235
118425	PCAT4	ENSG00000251321	609717
1184	CLCN5	ENSG00000171365	300008
1192	CLIC1	ENSG00000213719	602872
120114	FAT3	ENSG00000165323	612483
120227	CYP2R1	ENSG00000186104	608713
121601	ANO4	ENSG00000151572	610111
125050	RN7SK	ENSG00000202198	606515
126014	OSCAR	ENSG00000170909	606862
126961	H3C14	ENSG00000203811	142780
127124	ATP6V1G3	ENSG00000151418	618071
1302	COL11A2	ENSG00000204248	120290
132001	TAMM41	ENSG00000144559	614948
1349	COX7B	ENSG00000131174	300885
135644	TRIM40	ENSG00000204614	616976
135656	MUCL3	ENSG00000168631	613928
1357	CPA1	ENSG00000091704	114850
135886	TMEM270	ENSG00000175877	612547
135892	TRIM50	ENSG00000146755	612548
135935	NOBOX	ENSG00000106410	610934
136259	KLF14	ENSG00000266265	609393
1364	CLDN4	ENSG00000189143	602909
1365	CLDN3	ENSG00000165215	602910
137196	CCDC26	ENSG00000229140	613040
137682	NDUFAF6	ENSG00000156170	612392
137814	NKX2-6	ENSG00000180053	611770
1388	ATF6B	ENSG00000213676	600984
139065	SLITRK4	ENSG00000179542	300562
139189	DGKK	ENSG00000274588	300837
1396	CRIP1	ENSG00000213145	123875
139728	PNCK	ENSG00000130822	300680
1397	CRIP2	ENSG00000182809	601183
140628	GATA5	ENSG00000130700	611496
140828	LINC00261	ENSG00000259974	618518
1410	CRYAB	ENSG00000109846	123590
143872	ARHGAP42	ENSG00000165895	615936
144481	SOCS2-AS1	ENSG00000246985	617269
145624	PWAR1	ENSG00000279050	600161
145837	DRAIC	ENSG00000245750	616387
1460	CSNK2B	ENSG00000204435	115441
146771	TCAM1P	ENSG00000240280	612756
147007	TMEM199	ENSG00000244045	616815
147798	TMC4	ENSG00000167608	617181
148170	CDC42EP5	ENSG00000167617	609171
148523	CIART	ENSG00000159208	615782
1485	CTAG1B	ENSG00000184033	300156
148738	HJV	ENSG00000168509	608374
148753	FAM163A	ENSG00000143340	611727
149013	NBPF12	ENSG00000268043	608607
150000	ABCC13	ENSG00000243064	608835
150368	PHETA2	ENSG00000177096	614240
1510	CTSE	ENSG00000196188	116890
1519	CTSO	ENSG00000256043	600550
152138	PYDC2	ENSG00000253548	615701
1523	CUX1	ENSG00000257923	116896
1536	CYBB	ENSG00000165168	300481
155368	METTL27	ENSG00000165171	612546
1565	CYP2D6	ENSG00000100197	124030
158376	SPAAR	ENSG00000235387	617627
158511	CSAG1	ENSG00000198930	300944
158800	RHOXF1	ENSG00000101883	300446
158983	H2BW1	ENSG00000123569	300507
1589	CYP21A2	ENSG00000231852	613815
160728	SLC5A8	ENSG00000256870	608044
1616	DAXX	ENSG00000204209	603186
162540	SPPL2C	ENSG00000185294	608284
163227	ZNF100	ENSG00000197020	603982
1645	AKR1C1	ENSG00000187134	600449
1646	AKR1C2	ENSG00000151632	600450
1655	DDX5	ENSG00000108654	180630
1678	TIMM8A	ENSG00000126953	300356
169714	QSOX2	ENSG00000165661	612860
170626	XAGE3	ENSG00000171402	300740
170679	PSORS1C1	ENSG00000204540	613525
170680	PSORS1C2	ENSG00000204538	613526
170685	NUDT10	ENSG00000122824	300527
170954	PPP1R18	ENSG00000146112	610990
172	AFG3L1P	ENSG00000223959	603020
1736	DKC1	ENSG00000130826	300126
1774	DNASE1L1	ENSG00000013563	300081
177	AGER	ENSG00000204305	600214
1795	DOCK3	ENSG00000088538	603123
1797	DXO	ENSG00000204348	605996
1822	ATN1	ENSG00000111676	607462
1852	DUSP9	ENSG00000130829	300134
186	AGTR2	ENSG00000180772	300034
191585	PLAC4	ENSG00000280109	613770
192134	B3GNT6	ENSG00000198488	615315
1939	EIF2D	ENSG00000143486	613709
196047	EMX2OS	ENSG00000229847	607637
196475	RMST	ENSG00000255794	607045
199	AIF1	ENSG00000204472	601833
200030	NBPF11	ENSG00000263956	614001
2010	EMD	ENSG00000102119	300384
201176	ARHGAP27	ENSG00000159314	610591
201299	RDM1	ENSG00000278023	612896
201625	DNAH12	ENSG00000174844	603340
202243	CCDC125	ENSG00000183323	613781
2026	ENO2	ENSG00000111674	131360
203068	TUBB	ENSG00000196230	191130
203413	CT83	ENSG00000204019	300625
203523	ZNF449	ENSG00000173275	300627
2051	EPHB6	ENSG00000106123	602757
2086	ERV3-1	ENSG00000213462	131170
2157	F8	ENSG00000185010	300841
215	ABCD1	ENSG00000101986	300371
219595	FOLH1B	ENSG00000134612	609020
220134	SKA1	ENSG00000154839	616673
2204	FCAR	ENSG00000186431	147045
220930	ZEB1-AS1	ENSG00000237036	616915
220972	MARCHF8	ENSG00000165406	613335
221178	SPATA13	ENSG00000182957	613324
221241	LINC00305	ENSG00000179676	617489
221883	HOXA11-AS	ENSG00000240990	607530
2248	FGF3	ENSG00000186895	164950
225689	MAPK15	ENSG00000181085	618616
2272	FHIT	ENSG00000189283	601153
22800	RRAS2	ENSG00000133818	600098
22827	PUF60	ENSG00000179950	604819
22901	ARSG	ENSG00000141337	610008
22952	CYP2G1P	ENSG00000130612	601133
23077	MYCBP2	ENSG00000005810	610392
23118	TAB2	ENSG00000055208	605101
23122	CLASP2	ENSG00000163539	605853
23133	PHF8	ENSG00000172943	300560
23145	SSPOP	ENSG00000197558	617356
2316	FLNA	ENSG00000196924	300017
23229	ARHGEF9	ENSG00000131089	300429
23241	PACS2	ENSG00000179364	610423
23246	BOP1	ENSG00000261236	610596
23248	RPRD2	ENSG00000163125	614695
23262	PPIP5K2	ENSG00000145725	611648
2330	FMO5	ENSG00000131781	603957
2332	FMR1	ENSG00000102081	309550
23332	CLASP1	ENSG00000074054	605852
23336	SYNM	ENSG00000182253	606087
2334	AFF2	ENSG00000155966	300806
23355	VPS8	ENSG00000156931	618366
23380	SRGAP2	ENSG00000266028	606524
23413	NCS1	ENSG00000107130	603315
23429	RYBP	ENSG00000163602	607535
23434	LINC01565	ENSG00000198685	618259
23513	SCRIB	ENSG00000180900	607733
23514	SPIDR	ENSG00000164808	615384
23520	ANP32C	ENSG00000248546	606877
23547	LILRA4	ENSG00000239961	607517
23564	DDAH2	ENSG00000213722	604744
23601	CLEC5A	ENSG00000258227	604987
23614	PPY2P	ENSG00000265060	606638
23615	PYY2	ENSG00000237575	606637
23632	CA14	ENSG00000118298	604832
23641	LDOC1	ENSG00000182195	300402
23642	SNHG1	ENSG00000255717	603222
23708	GSPT2	ENSG00000189369	300418
23768	FLRT2	ENSG00000185070	604807
23	ABCF1	ENSG00000204574	603429
24140	FTSJ1	ENSG00000068438	300499
24142	NAA80	ENSG00000243477	607073
245935	DEFB122	ENSG00000204547	616077
246100	CTAG1A	ENSG00000268651	300657
246126	TXLNGY	ENSG00000131002	400031
246176	GAS2L2	ENSG00000270765	611398
246181	AKR7L	ENSG00000211454	608478
246744	STH	ENSG00000256762	607067
2520	GAST	ENSG00000184502	137250
252949	TTTY17A	ENSG00000228240	400040
253725	WASHC2C	ENSG00000172661	613631
2539	G6PD	ENSG00000160211	305900
2542	SLC37A4	ENSG00000137700	602671
2543	GAGE1	ENSG00000205777	300594
2548	GAA	ENSG00000171298	606800
255082	CASC2	ENSG00000177640	608598
2550	GABBR1	ENSG00000204681	603540
255167	LINC01018	ENSG00000250056	616385
256076	COL6A5	ENSG00000172752	611916
257000	TINCR	ENSG00000223573	615241
257202	GPX6	ENSG00000198704	607913
25794	FSCN2	ENSG00000186765	607643
25806	VAX2	ENSG00000116035	604295
25832	NBPF14	ENSG00000270629	614003
25858	CATSPERZ	ENSG00000219435	617511
25859	PART1	ENSG00000152931	604991
259197	NCR3	ENSG00000204475	611550
259215	LY6G6F	ENSG00000204424	611404
259289	TAS2R43	ENSG00000255374	612668
259290	TAS2R31	ENSG00000256436	612669
259292	TAS2R46	ENSG00000226761	612774
259293	TAS2R30	ENSG00000256188	613963
259294	TAS2R19	ENSG00000212124	613961
259295	TAS2R20	ENSG00000255837	613962
259296	TAS2R50	ENSG00000212126	609627
25984	KRT23	ENSG00000108244	606194
26065	LSM14A	ENSG00000257103	610677
26086	GPSM1	ENSG00000160360	609491
26121	PRPF31	ENSG00000105618	606419
26165	SPATA31A7	ENSG00000276040	616584
26167	PCDHB5	ENSG00000113209	606331
2618	GART	ENSG00000159131	138440
26220	DGCR5	ENSG00000273032	618040
26233	FBXL6	ENSG00000182325	609076
2623	GATA1	ENSG00000102145	305371
26280	IL1RAPL2	ENSG00000189108	300277
2629	GBA	ENSG00000177628	606463
2648	KAT2A	ENSG00000108773	602301
2652	OPN1MW	ENSG00000268221	300821
26576	SRPK3	ENSG00000184343	301002
2658	GDF2	ENSG00000263761	605120
26608	TBL2	ENSG00000106638	605842
2662	GDF10	ENSG00000266524	601361
2664	GDI1	ENSG00000203879	300104
266740	MAGEA2B	ENSG00000183305	300549
26768	SNORA73B	ENSG00000200087	603239
26807	SNORD43	ENSG00000263764	611068
26827	RNU6-1	ENSG00000206625	180692
26831	RNU5A-1	ENSG00000199568	180691
26873	OPLAH	ENSG00000178814	614243
2702	GJA5	ENSG00000265107	121013
2703	GJA8	ENSG00000121634	600897
27145	FILIP1	ENSG00000118407	607307
27160	INGX	ENSG00000243468	300452
27164	SALL3	ENSG00000256463	605079
2717	GLA	ENSG00000102393	300644
27238	GPKOW	ENSG00000068394	301003
27342	RABGEF1	ENSG00000154710	609700
27344	PCSK1N	ENSG00000102109	300399
2771	GNAI2	ENSG00000114353	139360
2784	GNB3	ENSG00000111664	139130
2794	GNL1	ENSG00000204590	143024
280658	SSX7	ENSG00000187754	300542
280660	SSX9P	ENSG00000204648	300544
283120	H19	ENSG00000130600	103280
283131	NEAT1	ENSG00000245532	612769
283150	FOXR1	ENSG00000176302	615755
283267	LINC00294	ENSG00000280798	612296
283310	OTOGL	ENSG00000165899	614925
283463	MUC19	ENSG00000205592	612170
283489	CHAMP1	ENSG00000198824	616327
283673	EWSAT1	ENSG00000212766	616492
283847	TERB1	ENSG00000249961	617332
283902	HCCAT5	ENSG00000260880	615613
283953	TMEM114	ENSG00000232258	611579
284415	VSTM1	ENSG00000189068	616804
284459	ZNF875	ENSG00000181666	165250
28511	NKIRAS2	ENSG00000168256	604497
285189	PLGLA	ENSG00000240935	612212
285194	TUSC7	ENSG00000243197	616057
285556	C4orf54	ENSG00000248713	617881
285834	HCG22	ENSG00000228789	613918
285966	TCAF2	ENSG00000170379	616252
286077	FAM83H	ENSG00000180921	611927
286183	NKAIN3	ENSG00000185942	612872
286380	FOXD4L3	ENSG00000187559	611086
286467	FIRRE	ENSG00000213468	300999
286527	TMSB15B	ENSG00000158427	301011
2866	GPR42	ENSG00000126251	603822
2880	GPX5	ENSG00000224586	603435
28973	MRPS18B	ENSG00000204568	611982
28	ABO	ENSG00000175164	110300
2907	GRINA	ENSG00000178719	138251
29113	C6orf15	ENSG00000204542	611401
2928	GSC2	ENSG00000063515	601845
2953	GSTT2	ENSG00000099984	600437
2968	GTF2H4	ENSG00000213780	601760
2969	GTF2I	ENSG00000263001	601679
2974	GUCY1B2	ENSG00000123201	603695
29760	BLNK	ENSG00000095585	604515
29777	ABT1	ENSG00000146109	618750
29844	TFPT	ENSG00000105619	609519
29890	RBM15B	ENSG00000259956	612602
29894	CPSF1	ENSG00000071894	606027
29930	PCDHB1	ENSG00000171815	606327
29940	DSE	ENSG00000111817	605942
29944	PNMA3	ENSG00000183837	300675
29989	OBP2B	ENSG00000171102	604606
29994	BAZ2B	ENSG00000123636	605683
29	ABR	ENSG00000159842	600365
30014	SPANXA1	ENSG00000198021	300305
3028	HSD17B10	ENSG00000072506	300256
30834	POLR1H	ENSG00000066379	607525
30848	CTAG2	ENSG00000126890	300396
3092	HIP1	ENSG00000127946	601767
3105	HLA-A	ENSG00000206503	142800
3106	HLA-B	ENSG00000234745	142830
3107	HLA-C	ENSG00000204525	142840
3108	HLA-DMA	ENSG00000204257	142855
3109	HLA-DMB	ENSG00000242574	142856
3111	HLA-DOA	ENSG00000204252	142930
3112	HLA-DOB	ENSG00000241106	600629
3113	HLA-DPA1	ENSG00000231389	142880
3115	HLA-DPB1	ENSG00000223865	142858
3117	HLA-DQA1	ENSG00000196735	146880
3118	HLA-DQA2	ENSG00000237541	613503
3119	HLA-DQB1	ENSG00000179344	604305
3120	HLA-DQB2	ENSG00000232629	615161
3122	HLA-DRA	ENSG00000204287	142860
3123	HLA-DRB1	ENSG00000196126	142857
3133	HLA-E	ENSG00000204592	143010
3134	HLA-F	ENSG00000204642	143110
3135	HLA-G	ENSG00000204632	142871
3145	HMBS	ENSG00000256269	609806
3149	HMGB3	ENSG00000029993	300193
317716	BPIFA4P	ENSG00000183566	607627
317772	H2AC21	ENSG00000184270	615014
3188	HNRNPH2	ENSG00000126945	300610
320	APBA1	ENSG00000107282	602414
326342	ADGRE4P	ENSG00000268758	612305
3266	ERAS	ENSG00000187682	300437
3297	HSF1	ENSG00000185122	140580
3303	HSPA1A	ENSG00000204389	140550
3304	HSPA1B	ENSG00000204388	603012
3305	HSPA1L	ENSG00000204390	140559
3316	HSPB2	ENSG00000170276	602179
3358	HTR2C	ENSG00000147246	312861
3373	HYAL1	ENSG00000114378	607071
338433	SNORD115-1	ENSG00000201831	609837
338436	BLACE	ENSG00000204960	608450
339221	ENPP7	ENSG00000182156	616997
339883	C3orf35	ENSG00000198590	611429
340206	TREML3P	ENSG00000184106	609716
340371	NRBP2	ENSG00000185189	615563
340441	POTEA	ENSG00000188877	608915
340542	BEX5	ENSG00000184515	300693
340602	EZHIP	ENSG00000187690	301036
3421	IDH3G	ENSG00000067829	300089
3423	IDS	ENSG00000010404	300823
342900	LEUTX	ENSG00000213921	618701
344018	FIGLA	ENSG00000183733	608697
344595	DUBR	ENSG00000243701	616619
344875	COL6A4P1	ENSG00000230524	612397
3460	IFNGR2	ENSG00000159128	147569
346171	ZFP57	ENSG00000204644	612192
347344	ZNF81	ENSG00000197779	314998
347688	TUBB8	ENSG00000261456	616768
347735	SERINC2	ENSG00000168528	614549
348751	FTCDNL1	ENSG00000226124	614308
348825	TPRXL	ENSG00000180438	611167
349334	FOXD4L4	ENSG00000184659	611085
353514	LILRA5	ENSG00000187116	606047
359845	RFLNB	ENSG00000183688	615928
3598	IL13RA2	ENSG00000123496	300130
3654	IRAK1	ENSG00000184216	300283
3728	JUP	ENSG00000173801	173325
3738	KCNA3	ENSG00000177272	176263
374308	PTCHD3	ENSG00000182077	611791
374987	NEXN-AS1	ENSG00000235927	618370
3750	KCND1	ENSG00000102057	300281
375318	AQP12A	ENSG00000184945	609789
375593	TRIM73	ENSG00000178809	612549
375612	LHFPL3	ENSG00000187416	609719
375616	KCP	ENSG00000135253	609344
3768	KCNJ12	ENSG00000184185	602323
378108	TRIM74	ENSG00000155428	612550
378706	RN7SL2	ENSG00000274012	612179
378707	RN7SL3	ENSG00000278771	612180
378805	LINC-PINT	ENSG00000231721	618212
378825	PICSAR	ENSG00000275874	617191
378938	MALAT1	ENSG00000251562	607924
3792	KEL	ENSG00000197993	613883
3801	KIFC3	ENSG00000140859	604535
3804	KIR2DL3	ENSG00000243772	604938
3805	KIR2DL4	ENSG00000189013	604945
3809	KIR2DS4	ENSG00000221957	604955
3812	KIR3DL2	ENSG00000240403	604947
3833	KIFC1	ENSG00000237649	603763
387066	SNHG5	ENSG00000203875	613263
3881	KRT31	ENSG00000094796	601077
3883	KRT33A	ENSG00000006059	602761
3884	KRT33B	ENSG00000131738	602762
3885	KRT34	ENSG00000131737	602763
388815	MIR99AHG	ENSG00000215386	615964
3897	L1CAM	ENSG00000198910	308840
389852	SPACA5	ENSG00000171489	300593
389856	USP27X	ENSG00000273820	300975
390245	KDM4E	ENSG00000235268	616581
3904	LAIR2	ENSG00000167618	602993
390792	KRT39	ENSG00000196859	616678
3910	LAMA4	ENSG00000112769	600133
391627	USP17L9P	ENSG00000251694	607011
393	ARHGAP4	ENSG00000089820	300023
394263	MUC21	ENSG00000204544	616991
3984	LIMK1	ENSG00000106683	601329
399948	COLCA1	ENSG00000196167	615693
399959	MIR100HG	ENSG00000255248	615965
400500	BCAR4	ENSG00000262117	613746
400550	FENDRR	ENSG00000268388	614975
400818	NBPF9	ENSG00000269713	613999
400866	LINC00114	ENSG00000223806	611723
400931	MIRLET7BHG	ENSG00000197182	618216
401022	HAGLR	ENSG00000224189	618209
401250	MCCD1	ENSG00000204511	609624
401612	SLC25A53	ENSG00000269743	300941
4049	LTA	ENSG00000226979	153440
4050	LTB	ENSG00000227507	600978
406881	MIRLET7A1	ENSG00000199165	605386
406882	MIRLET7A2	ENSG00000198975	612142
406883	MIRLET7A3	ENSG00000283990	612143
406884	MIRLET7B	ENSG00000284520	611249
406885	MIRLET7C	ENSG00000199030	612144
406886	MIRLET7D	ENSG00000199133	612145
406887	MIRLET7E	ENSG00000198972	611250
406888	MIRLET7F1	ENSG00000199072	612146
406889	MIRLET7F2	ENSG00000208012	300721
406890	MIRLET7G	ENSG00000199150	612102
406891	MIRLET7I	ENSG00000199179	612148
406892	MIR100	ENSG00000207994	613186
406893	MIR101-1	ENSG00000199135	612511
406894	MIR101-2	ENSG00000199065	612512
406895	MIR103A1	ENSG00000199035	613187
406896	MIR103A2	ENSG00000199024	613188
406897	MIR105-1	ENSG00000207957	300811
406898	MIR105-2	ENSG00000207818	300812
406899	MIR106A	ENSG00000284157	300792
406900	MIR106B	ENSG00000208036	612983
406901	MIR107	ENSG00000198997	613189
406902	MIR10A	ENSG00000284038	610173
406903	MIR10B	ENSG00000207744	611576
406904	MIR1-1	ENSG00000199017	609326
406905	MIR1-2	ENSG00000284453	610252
406906	MIR122	ENSG00000284440	609582
406907	MIR124-1	ENSG00000284321	609327
406910	MIR125A	ENSG00000208008	611191
406911	MIR125B1	ENSG00000207971	610104
406912	MIR125B2	ENSG00000207863	610105
406913	MIR126	ENSG00000199161	611767
406915	MIR128-1	ENSG00000207654	611774
406916	MIR128-2	ENSG00000207625	611769
406919	MIR130A	ENSG00000208009	610175
406920	MIR130B	ENSG00000283871	613682
406921	MIR132	ENSG00000267200	610016
406922	MIR133A1	ENSG00000283927	610254
406923	MIR133A2	ENSG00000284508	610255
406924	MIR134	ENSG00000207993	610164
406928	MIR137	ENSG00000284202	614304
406929	MIR138-1	ENSG00000207954	613394
406930	MIR138-2	ENSG00000207649	613395
406931	MIR139	ENSG00000272036	615017
406932	MIR140	ENSG00000208017	611894
406933	MIR141	ENSG00000207708	612093
406934	MIR142	ENSG00000284353	615657
406935	MIR143	ENSG00000284182	612117
406936	MIR144	ENSG00000283819	612070
406937	MIR145	ENSG00000276365	611795
406938	MIR146A	ENSG00000283733	610566
406940	MIR148A	ENSG00000199085	613786
406941	MIR149	ENSG00000207611	615209
406942	MIR150	ENSG00000207782	611114
406943	MIR152	ENSG00000207947	613788
406947	MIR155	ENSG00000283904	609337
406948	MIR15A	ENSG00000283785	609703
406950	MIR16-1	ENSG00000208006	609704
406952	MIR17	ENSG00000284536	609416
406953	MIR18A	ENSG00000283815	609417
406954	MIR181A2	ENSG00000207595	612743
406955	MIR181B1	ENSG00000207975	612744
406956	MIR181B2	ENSG00000207737	612745
406957	MIR181C	ENSG00000207613	612746
406958	MIR182	ENSG00000207990	611607
406959	MIR183	ENSG00000207691	611608
406960	MIR184	ENSG00000207695	613146
406961	MIR185	ENSG00000208023	615576
406963	MIR187	ENSG00000207797	612698
406965	MIR190A	ENSG00000211137	615845
406966	MIR191	ENSG00000207605	615150
406967	MIR192	ENSG00000283926	610939
406968	MIR193A	ENSG00000207614	614733
406969	MIR194-1	ENSG00000207624	610940
406970	MIR194-2	ENSG00000284155	610941
406971	MIR195	ENSG00000284112	610718
406972	MIR196A1	ENSG00000210741	608632
406973	MIR196A2	ENSG00000207924	609687
406974	MIR197	ENSG00000284443	611189
406976	MIR199A1	ENSG00000207752	610719
406977	MIR199A2	ENSG00000208024	610720
406978	MIR199B	ENSG00000207581	614791
406979	MIR19A	ENSG00000284204	609418
406980	MIR19B1	ENSG00000284375	609419
406981	MIR19B2	ENSG00000284107	300722
406982	MIR20A	ENSG00000283762	609420
406983	MIR200A	ENSG00000207607	612090
406984	MIR200B	ENSG00000207730	612091
406985	MIR200C	ENSG00000207713	612092
406986	MIR203A	ENSG00000207568	611899
406987	MIR204	ENSG00000207935	610942
406988	MIR205	ENSG00000284485	613147
406989	MIR206	ENSG00000207604	611599
406990	MIR208A	ENSG00000199157	611116
406991	MIR21	ENSG00000284190	611020
406992	MIR210	ENSG00000199038	612982
406993	MIR211	ENSG00000207702	613753
406994	MIR212	ENSG00000267195	613487
406995	MIR181A1	ENSG00000207759	612742
406996	MIR214	ENSG00000283844	610721
406997	MIR215	ENSG00000207590	610943
406998	MIR216A	ENSG00000207798	610944
406999	MIR217	ENSG00000207548	615096
407000	MIR218-1	ENSG00000207732	616770
407001	MIR218-2	ENSG00000207739	616771
407002	MIR219A1	ENSG00000199036	611500
407004	MIR22	ENSG00000283824	612077
407006	MIR221	ENSG00000207870	300568
407007	MIR222	ENSG00000207725	300569
407008	MIR223	ENSG00000284567	300694
407009	MIR224	ENSG00000284363	300769
407010	MIR23A	ENSG00000207980	607962
407011	MIR23B	ENSG00000207563	610723
407012	MIR24-1	ENSG00000284459	609705
407013	MIR24-2	ENSG00000284387	610724
407014	MIR25	ENSG00000207547	612150
407015	MIR26A1	ENSG00000199075	612151
407016	MIR26A2	ENSG00000207789	613057
407017	MIR26B	ENSG00000199121	612152
407018	MIR27A	ENSG00000207808	612153
407019	MIR27B	ENSG00000207864	610636
407020	MIR28	ENSG00000207651	612154
407021	MIR29A	ENSG00000284032	610782
407022	MIR296	ENSG00000284040	610945
407024	MIR29B1	ENSG00000283797	610783
407026	MIR29C	ENSG00000284214	610784
407027	MIR301A	ENSG00000207996	615675
407028	MIR302A	ENSG00000207927	614596
407029	MIR30A	ENSG00000207827	612329
407031	MIR30C1	ENSG00000207962	615151
407035	MIR31	ENSG00000199177	612155
407036	MIR32	ENSG00000207698	609355
407037	MIR320A	ENSG00000208037	614112
407039	MIR33A	ENSG00000207932	612156
407040	MIR34A	ENSG00000284357	611172
407041	MIR34B	ENSG00000207811	611374
407042	MIR34C	ENSG00000207562	611375
407043	MIR7-1	ENSG00000284179	615239
407046	MIR9-1	ENSG00000207933	611186
407047	MIR9-2	ENSG00000284447	611187
407048	MIR92A1	ENSG00000283705	609422
407050	MIR93	ENSG00000207757	612984
407051	MIR9-3	ENSG00000284329	611188
407052	MIR95	ENSG00000207807	613185
407053	MIR96	ENSG00000199158	611606
407054	MIR98	ENSG00000271886	300810
407055	MIR99A	ENSG00000207638	614509
407056	MIR99B	ENSG00000207550	614510
407975	MIR17HG	ENSG00000215417	609415
4100	MAGEA1	ENSG00000198681	300016
4101	MAGEA2	ENSG00000268606	300173
4102	MAGEA3	ENSG00000221867	300174
4107	MAGEA8	ENSG00000156009	300341
4108	MAGEA9	ENSG00000123584	300342
4110	MAGEA11	ENSG00000185247	300344
4111	MAGEA12	ENSG00000213401	300177
414059	TBC1D3B	ENSG00000274808	610144
414060	TBC1D3C	ENSG00000278299	610806
414062	CCL3L3	ENSG00000276085	609468
4191	MDH2	ENSG00000146701	154100
4232	MEST	ENSG00000106484	601029
4245	MGAT1	ENSG00000131446	160995
4277	MICB	ENSG00000204516	602436
4297	KMT2A	ENSG00000118058	159555
4314	MMP3	ENSG00000149968	185250
4321	MMP12	ENSG00000262406	601046
4322	MMP13	ENSG00000137745	600108
4340	MOG	ENSG00000204655	159465
4354	MPP1	ENSG00000130830	305360
440044	SLC22A20P	ENSG00000197847	611696
440073	IQSEC3	ENSG00000120645	612118
440435	GPR179	ENSG00000277399	614515
440712	RHEX	ENSG00000263961	616088
440823	MIAT	ENSG00000225783	611082
441519	CT45A3	ENSG00000269096	300794
441521	CT45A5	ENSG00000228836	300796
441531	PGAM4	ENSG00000226784	300567
441864	TARM1	ENSG00000248385	616802
442186	OR2J3	ENSG00000204701	615016
442890	MIR133B	ENSG00000199080	610946
442892	MIR148B	ENSG00000199122	613787
442894	MIR302B	ENSG00000284463	614597
442895	MIR302C	ENSG00000199102	614598
442896	MIR302D	ENSG00000199145	614599
442900	MIR326	ENSG00000199090	613755
442904	MIR335	ENSG00000199043	611768
442906	MIR338	ENSG00000283604	614059
442907	MIR339	ENSG00000199023	615977
442911	MIR346	ENSG00000199104	611190
442913	MIR376C	ENSG00000283279	610983
442914	MIR369	ENSG00000199025	611794
442915	MIR370	ENSG00000199005	612553
442916	MIR371A	ENSG00000199031	612043
442917	MIR372	ENSG00000199095	612044
442918	MIR373	ENSG00000199143	611954
442920	MIR196B	ENSG00000283745	609688
4439	MSH5	ENSG00000204410	603382
444882	IGFL4	ENSG00000204869	610547
4477	MSMB	ENSG00000263639	157145
448831	FRG2	ENSG00000205097	609032
449520	GGNBP1	ENSG00000204188	609495
4498	MT1JP	ENSG00000255986	156356
4500	MT1L	ENSG00000260549	156358
4515	MTCP1	ENSG00000214827	300116
4534	MTM1	ENSG00000171100	300415
4580	MTX1	ENSG00000173171	600605
4583	MUC2	ENSG00000198788	158370
463	ZFHX3	ENSG00000140836	104155
4647	MYO7A	ENSG00000137474	276903
4696	NDUFA3	ENSG00000170906	603832
4700	NDUFA6	ENSG00000184983	602138
474381	H2AB2	ENSG00000277858	301038
474382	H2AB1	ENSG00000274183	301037
4758	NEU1	ENSG00000204386	608272
4795	NFKBIL1	ENSG00000204498	601022
4796	TONSL	ENSG00000160949	604546
4849	CNOT3	ENSG00000088038	604910
4855	NOTCH4	ENSG00000204301	164951
4888	NPY6R	ENSG00000226306	601770
492	ATP2B3	ENSG00000067842	300014
493913	PAPPA-AS1	ENSG00000256040	610689
494118	SPANXN1	ENSG00000203923	300664
494119	SPANXN2	ENSG00000268988	300665
494197	SPANXN5	ENSG00000204363	300668
494324	MIR375	ENSG00000198973	611173
494325	MIR376A1	ENSG00000283588	610959
494327	MIR378A	ENSG00000199047	611957
494328	MIR379	ENSG00000199088	616358
494329	MIR380	ENSG00000198982	613654
494336	MIR424	ENSG00000284231	300682
4943	TBC1D25	ENSG00000068354	311240
494551	WEE2	ENSG00000214102	614084
4975	OMP	ENSG00000254550	164340
497634	LINC00293	ENSG00000253314	609543
50489	CD207	ENSG00000116031	604862
50614	GALNT9	ENSG00000182870	606251
50652	PCA3	ENSG00000225937	604845
50835	TAS2R9	ENSG00000121381	604795
50836	TAS2R8	ENSG00000121314	604794
50837	TAS2R7	ENSG00000121377	604793
50838	TAS2R13	ENSG00000212128	604792
50839	TAS2R10	ENSG00000121318	604791
50840	TAS2R14	ENSG00000212127	604790
50854	SNHG32	ENSG00000204387	605447
5089	PBX2	ENSG00000204304	176311
51027	BOLA1	ENSG00000178096	613181
51107	APH1A	ENSG00000117362	607629
51175	TUBE1	ENSG00000074935	607345
51177	PLEKHO1	ENSG00000023902	608335
51205	ACP6	ENSG00000162836	611471
51206	GP6	ENSG00000088053	605546
51213	LUZP4	ENSG00000102021	300616
51232	CRIM1	ENSG00000150938	606189
5127	CDK16	ENSG00000102225	311550
51309	ARMCX1	ENSG00000126947	300362
51321	AMZ2	ENSG00000196704	615169
51352	WT1-AS	ENSG00000183242	607899
51399	TRAPPC4	ENSG00000196655	610971
5140	PDE3B	ENSG00000152270	602047
51433	ANAPC5	ENSG00000089053	606948
51471	NAT8B	ENSG00000204872	608190
51596	CUTA	ENSG00000112514	616953
5159	PDGFRB	ENSG00000113721	173410
51616	TAF9B	ENSG00000187325	300754
51657	STYXL1	ENSG00000127952	616695
5175	PECAM1	ENSG00000261371	173445
5178	PEG3	ENSG00000198300	601483
51802	ASIC5	ENSG00000256394	616693
5230	PGK1	ENSG00000102144	311800
5252	PHF1	ENSG00000112511	602881
525	ATP6V1B1	ENSG00000116039	192132
5301	PIN1P1	ENSG00000229359	602051
5313	PKLR	ENSG00000143627	609712
5339	PLEC	ENSG00000178209	601282
534	ATP6V1G2	ENSG00000213760	606853
5365	PLXNB3	ENSG00000198753	300214
5369	PMCHL1	ENSG00000168967	176793
5370	PMCHL2	ENSG00000169040	176794
537	ATP6AP1	ENSG00000071553	300197
53947	A4GALT	ENSG00000128274	607922
5407	PNLIPRP1	ENSG00000187021	604422
54084	TSPEAR	ENSG00000175894	612920
5408	PNLIPRP2	ENSG00000266200	604423
541465	CT45A6	ENSG00000278289	300797
541466	CT45A1	ENSG00000268940	300648
541471	MIR4435-2HG	ENSG00000172965	617144
5430	POLR2A	ENSG00000181222	180660
54328	GPR173	ENSG00000184194	300253
54460	MRPS21	ENSG00000266472	611984
54470	ARMCX6	ENSG00000198960	301048
5447	POR	ENSG00000127948	124015
54535	CCHCR1	ENSG00000204536	605310
54539	NDUFB11	ENSG00000147123	300403
5460	POU5F1	ENSG00000204531	164177
5463	POU6F1	ENSG00000184271	618043
54718	BTN2A3P	ENSG00000124549	613592
54729	NKX1-1	ENSG00000235608	617869
54742	LY6K	ENSG00000160886	615093
54829	ASPN	ENSG00000106819	608135
54869	EPS8L1	ENSG00000131037	614987
54872	PIGG	ENSG00000174227	616918
54954	FAM120C	ENSG00000184083	300741
55000	TUG1	ENSG00000253352	614971
550643	NBDY	ENSG00000204272	300992
55068	ENOX1	ENSG00000120658	610914
55101	DMAC2	ENSG00000105341	617262
5514	PPP1R10	ENSG00000204569	603771
55190	NUDT11	ENSG00000196368	300528
5519	PPP2R1B	ENSG00000137713	603113
55252	ASXL2	ENSG00000143970	612991
55331	ACER3	ENSG00000078124	617036
55384	MEG3	ENSG00000214548	605636
553	AVPR1B	ENSG00000198049	600264
5540	NPY4R	ENSG00000204174	601790
554203	JPX	ENSG00000225470	300832
554210	MIR429	ENSG00000198976	612094
554212	MIR448	ENSG00000199001	300686
554213	MIR449A	ENSG00000198983	613131
554282	FAM72C	ENSG00000263513	616853
5544	PRB3	ENSG00000197870	168840
554	AVPR2	ENSG00000126895	300538
55503	TRPV6	ENSG00000165125	606680
55511	SAGE1	ENSG00000181433	300359
55539	KCNQ1DN	ENSG00000237941	610980
5554	PRH1	ENSG00000231887	168730
55558	PLXNA3	ENSG00000130827	300022
55559	HAUS7	ENSG00000213397	300540
5555	PRH2	ENSG00000134551	168790
55593	OTUD5	ENSG00000068308	300713
55596	ZCCHC8	ENSG00000033030	616381
55630	SLC39A4	ENSG00000147804	607059
5565	PRKAB2	ENSG00000131791	602741
55672	NBPF1	ENSG00000219481	610501
55693	KDM4D	ENSG00000186280	609766
55695	NSUN5	ENSG00000130305	615732
55750	AGK	ENSG00000006530	610345
55802	DCP1A	ENSG00000272886	607010
5580	PRKCD	ENSG00000163932	176977
55823	VPS11	ENSG00000160695	608549
55844	PPP2R2D	ENSG00000175470	613992
55869	HDAC8	ENSG00000147099	300269
55879	GABRQ	ENSG00000268089	300349
55937	APOM	ENSG00000204444	606907
55999	NXF4	ENSG00000196970	300318
56001	NXF2	ENSG00000269405	300315
56123	PCDHB13	ENSG00000187372	606339
56129	PCDHB7	ENSG00000113212	606333
56130	PCDHB6	ENSG00000113211	606332
56131	PCDHB4	ENSG00000081818	606330
56132	PCDHB3	ENSG00000113205	606329
56133	PCDHB2	ENSG00000112852	606328
56134	PCDHAC2	ENSG00000243232	606321
56136	PCDHA13	ENSG00000239389	606319
56137	PCDHA12	ENSG00000251664	606318
56138	PCDHA11	ENSG00000249158	606317
56139	PCDHA10	ENSG00000250120	606316
56140	PCDHA8	ENSG00000204962	606314
56141	PCDHA7	ENSG00000204963	606313
56142	PCDHA6	ENSG00000081842	606312
56143	PCDHA5	ENSG00000204965	606311
56144	PCDHA4	ENSG00000204967	606310
56145	PCDHA3	ENSG00000255408	606309
56146	PCDHA2	ENSG00000204969	606308
56147	PCDHA1	ENSG00000204970	606307
56157	TEX13A	ENSG00000268629	300312
5616	PRKY	ENSG00000099725	400008
56244	BTNL2	ENSG00000204290	606000
5638	PRRG1	ENSG00000130962	300935
56658	TRIM39	ENSG00000204599	605700
56662	VTRNA1-3	ENSG00000202515	612697
56663	VTRNA1-2	ENSG00000202111	612696
56664	VTRNA1-1	ENSG00000199990	612695
56850	GRIPAP1	ENSG00000068400	300408
5696	PSMB8	ENSG00000204264	177046
5698	PSMB9	ENSG00000240065	177045
57061	HYMAI	ENSG00000283122	606546
57107	PDSS2	ENSG00000164494	610564
57109	REXO4	ENSG00000148300	602930
57140	RNPEPL1	ENSG00000142327	605287
57176	VARS2	ENSG00000137411	612802
5726	TAS2R38	ENSG00000257138	607751
57291	DANCR	ENSG00000226950	614625
574032	MIR20B	ENSG00000284043	300950
57405	SPC25	ENSG00000152253	609395
57414	RHBDD2	ENSG00000005486	615203
574411	MIR451A	ENSG00000284565	612071
574413	MIR409	ENSG00000199107	614057
574434	MIR410	ENSG00000199092	615036
574435	MIR376B	ENSG00000283556	610961
574436	MIR485	ENSG00000208027	615385
574442	MIR489	ENSG00000207656	614523
574443	MIR490	ENSG00000207597	616972
574447	MIR146B	ENSG00000202569	610567
574449	MIR492	ENSG00000283998	614384
574452	MIR494	ENSG00000194717	616036
574453	MIR495	ENSG00000207743	615149
574455	MIR193B	ENSG00000207639	614734
574456	MIR497	ENSG00000284027	615672
574476	MIR520C	ENSG00000207738	615908
574480	MIR519D	ENSG00000207981	614247
574484	MIR520G	ENSG00000207799	616272
574493	MIR520H	ENSG00000207861	614755
574501	MIR499A	ENSG00000207635	613614
574504	MIR502	ENSG00000272080	300893
574506	MIR503	ENSG00000208005	300865
574511	MIR506	ENSG00000207731	300877
574513	MIR508	ENSG00000207589	300874
574514	MIR509-1	ENSG00000208000	300875
574515	MIR510	ENSG00000207641	300866
57459	GATAD2B	ENSG00000143614	614998
57595	PDZD4	ENSG00000067840	300634
57657	HCN3	ENSG00000143630	609973
57692	MAGEE1	ENSG00000198934	300759
57717	PCDHB16	ENSG00000272674	606345
57720	GPR107	ENSG00000148358	618490
57733	GBA3	ENSG00000249948	606619
5777	PTPN6	ENSG00000111679	176883
57818	G6PC2	ENSG00000152254	608058
57819	LSM2	ENSG00000204392	607282
5788	PTPRC	ENSG00000081237	151460
5820	PVT1	ENSG00000249859	165140
58486	ZBED5	ENSG00000236287	615251
58496	LY6G5B	ENSG00000240053	610433
58530	LY6G6D	ENSG00000244355	606038
5863	RGL2	ENSG00000237441	602306
5878	RAB5C	ENSG00000108774	604037
59269	HIVEP3	ENSG00000127124	606649
5935	RBM3	ENSG00000102317	300027
5949	RBP3	ENSG00000265203	180290
5973	RENBP	ENSG00000102032	312420
5982	RFC2	ENSG00000049541	600404
5987	TRIM27	ENSG00000204713	602165
6015	RING1	ENSG00000204227	602045
6023	RMRP	ENSG00000269900	157660
6029	RN7SL1	ENSG00000276168	612177
60343	FAM3A	ENSG00000071889	300492
6046	BRD2	ENSG00000204256	601540
6048	RNF5	ENSG00000204308	602677
6060	RNU1-4	ENSG00000207389	180680
6066	RNU2-1	ENSG00000274585	180690
60674	GAS5	ENSG00000234741	608280
60681	FKBP10	ENSG00000141756	607063
6079	SNORD15A	ENSG00000206941	600455
607	BCL9	ENSG00000116128	602597
6080	SNORA73A	ENSG00000274266	180645
6082	SNORD20	ENSG00000207280	604012
6084	RNY1	ENSG00000201098	601821
6085	RNY3	ENSG00000202354	601822
6086	RNY4	ENSG00000252316	601823
6102	RP2	ENSG00000102218	300757
6134	RPL10	ENSG00000147403	312173
6173	RPL36A	ENSG00000241343	300902
618	BCYRN1	ENSG00000236824	606089
6203	RPS9	ENSG00000170889	603631
6222	RPS18	ENSG00000231500	180473
6230	RPS25	ENSG00000118181	180465
6257	RXRB	ENSG00000204231	180246
6293	VPS52	ENSG00000223501	603443
629	CFB	ENSG00000243649	138470
6310	ATXN1	ENSG00000124788	601556
633	BGN	ENSG00000182492	301870
63940	GPSM3	ENSG00000213654	618558
63943	FKBPL	ENSG00000204315	617076
63947	DMRTC1	ENSG00000269502	300878
64002	PCGEM1	ENSG00000227418	605443
64087	MCCC2	ENSG00000131844	609014
64150	DIO3OS	ENSG00000258498	608523
641638	SNHG6	ENSG00000245910	612215
641648	SNORD87	ENSG00000254341	612216
641977	SEPTIN7P2	ENSG00000214765	611563
642658	SCX	ENSG00000260428	609067
642776	DANT2	ENSG00000235244	301004
642934	CERNA2	ENSG00000285972	617434
642946	FLVCR1-DT	ENSG00000198468	610864
64396	GMCL2	ENSG00000244234	618629
644444	TMEM30CP	ENSG00000235156	611030
644943	RASSF10	ENSG00000189431	614713
64499	TPSB2	ENSG00000197253	191081
645051	GAGE13	ENSG00000274274	300734
645323	LINC00461	ENSG00000245526	616611
645638	WFDC21P	ENSG00000261040	615772
645811	CCDC154	ENSG00000197599	618740
645832	SEBOX	ENSG00000274529	610975
64648	SPANXD	ENSG00000196406	300670
64648	SPANXD	ENSG00000196406	300671
646627	LYPD8	ENSG00000259823	617067
64663	SPANXC	ENSG00000198573	300330
64743	WDR13	ENSG00000101940	300512
64750	SMURF2	ENSG00000108854	605532
64788	LMF1	ENSG00000103227	611761
647979	NORAD	ENSG00000260032	617037
64840	PORCN	ENSG00000102312	300651
64864	RFX7	ENSG00000181827	612660
64963	MRPS11	ENSG00000181991	611977
6499	SKIV2L	ENSG00000204351	600478
650368	TSSC2	ENSG00000223756	608999
65267	WNK3	ENSG00000196632	300358
652995	UCA1	ENSG00000214049	617500
653067	XAGE1B	ENSG00000204382	300289
653067	XAGE1B	ENSG00000204382	300744
653067	XAGE1B	ENSG00000204382	300745
653145	ANXA8	ENSG00000265190	602396
653220	XAGE1A	ENSG00000204379	300742
653220	XAGE1A	ENSG00000204379	300743
6535	SLC6A8	ENSG00000130821	300036
653820	FAM72B	ENSG00000188610	614711
6576	SLC25A1	ENSG00000100075	190315
65991	FUNDC2	ENSG00000165775	301042
6645	SNTB2	ENSG00000168807	600027
664615	MIR376A2	ENSG00000283561	610960
664616	MIR487B	ENSG00000207754	615037
6742	SSBP1	ENSG00000106028	600439
6748	SSR4	ENSG00000180879	300090
6756	SSX1	ENSG00000126752	312820
6758	SSX5	ENSG00000165583	300327
6759	SSX4	ENSG00000268009	300326
677765	SCARNA18	ENSG00000238835	611329
677767	SCARNA7	ENSG00000238741	615644
677769	SCARNA17	ENSG00000267322	615645
677772	SCARNA6	ENSG00000251791	615641
677775	SCARNA5	ENSG00000252010	615640
677777	SCARNA12	ENSG00000238795	615642
677778	SCARNA15	ENSG00000277864	612675
677796	SNORA5C	ENSG00000201772	611335
677799	SNORA11	ENSG00000221716	300662
677800	SNORA12	ENSG00000212464	611330
677810	SNORA26	ENSG00000212588	614626
677815	SNORA2C	ENSG00000221491	615487
677826	SNORA3B	ENSG00000212607	611333
677841	SNORA74B	ENSG00000212402	611331
6804	STX1A	ENSG00000106089	186590
6835	SURF2	ENSG00000148291	185630
6836	SURF4	ENSG00000148248	185660
6838	SURF6	ENSG00000148296	185642
6839	SUV39H1	ENSG00000101945	300254
6855	SYP	ENSG00000102003	313475
685	BTC	ENSG00000174808	600345
6867	TACC1	ENSG00000147526	605301
6872	TAF1	ENSG00000147133	313650
6880	TAF9	ENSG00000273841	600822
6890	TAP1	ENSG00000168394	170260
6891	TAP2	ENSG00000204267	170261
6892	TAPBP	ENSG00000231925	601962
6901	TAZ	ENSG00000102125	300394
6916	TBXAS1	ENSG00000059377	274180
692084	SNORD13	ENSG00000239039	616664
692088	SNORD50B	ENSG00000275072	613264
692215	SNORD112	ENSG00000275662	613649
693120	MIR33B	ENSG00000207839	613486
693123	MIR449B	ENSG00000207728	613132
693124	MIR532	ENSG00000207758	301023
693135	MIR551A	ENSG00000207776	615148
693143	MIR558	ENSG00000207653	616473
693155	MIR570	ENSG00000207650	614538
693159	MIR574	ENSG00000207944	615469
693175	MIR590	ENSG00000207741	615070
693195	MIR610	ENSG00000207874	612330
693201	MIR616	ENSG00000208028	614489
693233	MIR648	ENSG00000207780	616205
6941	TCF19	ENSG00000137310	600912
6942	TCF20	ENSG00000100207	603107
695	BTK	ENSG00000010671	300300
6992	PPP1R11	ENSG00000204619	606670
6999	TDO2	ENSG00000151790	191070
7012	TERC	ENSG00000277925	602322
7030	TFE3	ENSG00000068323	314310
7086	TKT	ENSG00000163931	606781
7124	TNF	ENSG00000232810	191160
7148	TNXB	ENSG00000168477	600985
7167	TPI1	ENSG00000111669	190450
717	C2	ENSG00000166278	613927
71	ACTG1	ENSG00000184009	102560
720	C4A	ENSG00000244731	120810
721	C4B	ENSG00000224389	120820
723778	MIR650	ENSG00000284049	615379
724026	MIR656	ENSG00000207959	616376
724029	MIR659	ENSG00000207696	613556
724031	MIR661	ENSG00000207574	613716
726	CAPN5	ENSG00000149260	602537
727676	SNORD118	ENSG00000200463	616663
727677	CASC8	ENSG00000246228	617701
727699	LINC00163	ENSG00000234880	610259
728226	GGTLC3	ENSG00000274252	612340
728239	MAGED4	ENSG00000154545	300702
728255	KRTAP1-4	ENSG00000204887	608821
728269	MAGEA9B	ENSG00000267978	300764
728441	GGT2	ENSG00000133475	137181
728606	PCAT18	ENSG00000265369	617647
728695	SPANXB1	ENSG00000227234	300669
728712	SPANXA2	ENSG00000203926	300493
728833	FAM72D	ENSG00000215784	614712
728911	CT45A2	ENSG00000271449	300793
7290	HIRA	ENSG00000100084	600237
729396	GAGE12J	ENSG00000224659	300733
729422	GAGE12C	ENSG00000237671	300727
729442	GAGE12H	ENSG00000224902	300732
729447	GAGE2A	ENSG00000189064	300720
729533	FAM72A	ENSG00000196550	614710
729920	CRPPA	ENSG00000214960	614631
730262	PPIAL4E	ENSG00000271567	608608
7317	UBA1	ENSG00000130985	314370
732253	TDRG1	ENSG00000204091	615676
7327	UBE2G2	ENSG00000184787	603124
7355	SLC35A2	ENSG00000102100	314375
7365	UGT2B10	ENSG00000109181	600070
7366	UGT2B15	ENSG00000196620	600069
7407	VARS1	ENSG00000204394	192150
7448	VTN	ENSG00000109072	193190
7454	WAS	ENSG00000015285	300392
7458	EIF4H	ENSG00000106682	603431
7462	LAT2	ENSG00000086730	605719
7503	XIST	ENSG00000229807	314670
7504	XK	ENSG00000047597	314850
750	GAS8-AS1	ENSG00000221819	605179
757	TMEM50B	ENSG00000142188	617894
7594	ZNF43	ENSG00000198521	603972
7643	ZNF90	ENSG00000213988	603973
767561	SNORD113-1	ENSG00000202191	613650
767577	SNORD114-1	ENSG00000199575	613651
767846	PFN1P2	ENSG00000270392	608609
768097	HAR1B	ENSG00000231133	610557
768219	MIR802	ENSG00000211590	616090
7700	ZNF141	ENSG00000131127	194648
7726	TRIM26	ENSG00000234127	600830
7739	ZNF185	ENSG00000147394	300381
7761	ZNF214	ENSG00000149050	605015
780851	SNORD3A	ENSG00000263934	180710
780	DDR1	ENSG00000204580	600408
7866	IFRD2	ENSG00000214706	602725
7869	SEMA3B	ENSG00000012171	601281
7873	MANF	ENSG00000145050	601916
79042	TSEN34	ENSG00000170892	608754
790952	ESRG	ENSG00000265992	611473
791114	PWRN1	ENSG00000259905	611215
791115	PWRN2	ENSG00000260551	611217
79132	DHX58	ENSG00000108771	608588
79143	MBOAT7	ENSG00000125505	606048
79148	MMP28	ENSG00000271447	608417
79154	DHRS11	ENSG00000278535	616159
7916	PRRC2A	ENSG00000204469	142580
7917	BAG6	ENSG00000204463	142590
79184	BRCC3	ENSG00000185515	300617
7918	GPANK1	ENSG00000204438	142610
7919	DDX39B	ENSG00000198563	142560
7920	ABHD16A	ENSG00000204427	142620
7922	SLC39A7	ENSG00000112473	601416
7923	HSD17B8	ENSG00000204228	601417
7932	OR2H2	ENSG00000204657	600578
7936	NELFE	ENSG00000204356	154040
7940	LST1	ENSG00000204482	109170
79415	CYBC1	ENSG00000178927	618334
79581	SLC52A2	ENSG00000185803	607882
79692	ZNF322	ENSG00000181315	610847
796	CALCA	ENSG00000110680	114130
79706	PRKRIP1	ENSG00000128563	617458
79747	ADGB	ENSG00000118492	614630
79796	ALG9	ENSG00000086848	606941
7979	SEM1	ENSG00000127922	601285
79804	HAND2-AS1	ENSG00000237125	617240
79897	RPP21	ENSG00000241370	612524
79969	ATAT1	ENSG00000137343	615556
79998	ANKRD53	ENSG00000144031	617009
8000	PSCA	ENSG00000167653	602470
80179	MYO19	ENSG00000278259	617379
80196	RNF34	ENSG00000170633	608299
8027	STAM	ENSG00000136738	601899
80316	PPP1R2C	ENSG00000102055	301017
80350	LPAL2	ENSG00000213071	611682
80352	RNF39	ENSG00000204618	607524
80712	ESX1	ENSG00000123576	300154
80725	SRCIN1	ENSG00000277363	610786
80736	SLC44A4	ENSG00000204385	606107
80737	VWA7	ENSG00000204396	609693
80739	MPIG6B	ENSG00000204420	606520
80740	LY6G6C	ENSG00000204421	610435
80741	LY6G5C	ENSG00000204428	610434
8078	USP5	ENSG00000111667	601447
80862	ZNRD1ASP	ENSG00000204623	615714
80863	PRRT1	ENSG00000204314	618297
80864	EGFL8	ENSG00000241404	609897
8123	PWAR5	ENSG00000279192	600162
81557	MAGED4B	ENSG00000187243	300765
81611	ANP32E	ENSG00000143401	609611
81621	KAZALD1	ENSG00000107821	609208
81794	ADAMTS10	ENSG00000142303	608990
81850	KRTAP1-3	ENSG00000221880	608820
81851	KRTAP1-1	ENSG00000188581	608819
8218	CLTCL1	ENSG00000070371	601273
8241	RBM10	ENSG00000182872	300080
8243	SMC1A	ENSG00000072501	300040
8260	NAA10	ENSG00000102030	300013
8263	F8A1	ENSG00000277203	305423
8266	UBL4A	ENSG00000102178	312070
8269	TMEM187	ENSG00000177854	300059
8270	LAGE3	ENSG00000196976	300060
8273	SLC10A3	ENSG00000126903	312090
8293	SERF1A	ENSG00000172058	603011
8326	FZD9	ENSG00000188763	601766
8337	H2AC18	ENSG00000203812	142720
8338	H2AC20	ENSG00000184260	602797
83461	CDCA3	ENSG00000111665	607749
83481	EPPK1	ENSG00000261150	607553
83482	SCRT1	ENSG00000261678	605858
8349	H2BC21	ENSG00000184678	601831
83538	TTC25	ENSG00000204815	617095
83593	RASSF5	ENSG00000266094	607020
83692	CD99L2	ENSG00000102181	300846
8372	HYAL3	ENSG00000186792	604038
83740	H2AB3	ENSG00000277745	300445
83742	MARVELD1	ENSG00000155254	616970
83849	SYT15	ENSG00000204176	608081
83862	TMEM120A	ENSG00000189077	616550
83863	TTTY5	ENSG00000215560	400038
83884	SLC25A2	ENSG00000120329	608157
83895	KRTAP1-5	ENSG00000221852	608822
84061	MAGT1	ENSG00000102158	300715
84163	GTF2IRD2	ENSG00000196275	608899
8420	SNHG3	ENSG00000242125	603238
84218	TBC1D3F	ENSG00000275954	610809
84265	POLR3GL	ENSG00000121851	617457
84277	DNAJC30	ENSG00000176410	618202
84327	ZBED3	ENSG00000132846	615250
8444	DYRK3	ENSG00000143479	603497
84465	MEGF11	ENSG00000157890	612454
8449	DHX16	ENSG00000204560	603405
84548	TMEM185A	ENSG00000269556	300031
84559	GOLGA2P2Y	ENSG00000239533	400035
84631	SLITRK2	ENSG00000185985	300561
84672	TTTY6	ENSG00000131538	400039
84677	DSCR8	ENSG00000198054	613396
84679	SLC9A7	ENSG00000065923	300368
84727	SPSB2	ENSG00000111671	611658
84733	CBX2	ENSG00000173894	602770
84852	ATP1A1-AS1	ENSG00000203865	618305
84866	TMEM25	ENSG00000149582	613934
84875	PARP10	ENSG00000178685	609564
8490	RGS5	ENSG00000143248	603276
84916	UTP4	ENSG00000141076	607456
84968	PNMA6A	ENSG00000235961	300917
8497	PPFIA4	ENSG00000143847	603145
8509	NDST2	ENSG00000166507	603268
8511	MMP23A	ENSG00000215914	603320
8515	ITGA10	ENSG00000143127	604042
8517	IKBKG	ENSG00000269335	300248
85319	BAGE2	ENSG00000187172	617776
85358	SHANK3	ENSG00000251322	606230
85417	CCNB3	ENSG00000147082	300456
85495	RPPH1	ENSG00000277209	608513
8551	INE2	ENSG00000281371	300165
8552	INE1	ENSG00000224975	300164
8629	JRK	ENSG00000234616	603210
8632	DNAH17	ENSG00000187775	610063
8644	AKR1C3	ENSG00000196139	603966
8647	ABCB11	ENSG00000073734	603201
8692	HYAL2	ENSG00000068001	603551
8694	DGAT1	ENSG00000185000	604900
8705	B3GALT4	ENSG00000235863	603095
8712	PAGE1	ENSG00000068985	300288
8733	GPAA1	ENSG00000197858	603048
8776	MTMR1	ENSG00000063601	300171
8799	PEX11B	ENSG00000131779	603867
8823	FGF16	ENSG00000196468	300827
8837	CFLAR	ENSG00000003402	603599
8838	CCN6	ENSG00000112761	603400
8847	DLEU2	ENSG00000231607	605766
8852	AKAP4	ENSG00000147081	300185
8857	FCGBP	ENSG00000275395	617553
8859	STK19	ENSG00000204344	604977
8870	IER3	ENSG00000137331	602996
8944	SNORD73A	ENSG00000208797	603568
90060	CCDC120	ENSG00000147144	300947
90271	OLMALINC	ENSG00000235823	616240
90273	CEACAM21	ENSG00000007129	618191
90355	MACIR	ENSG00000181751	616608
90827	ZNF479	ENSG00000185177	617444
9082	XKRY	ENSG00000250868	400015
90850	ZNF598	ENSG00000167962	617508
9104	RGN	ENSG00000130988	300212
9112	MTA1	ENSG00000182979	603526
9120	SLC16A6	ENSG00000108932	603880
9130	FAM50A	ENSG00000071859	300453
91689	SMDT1	ENSG00000183172	615588
91746	YTHDC1	ENSG00000083896	617283
91966	EOLA1	ENSG00000197620	300954
92002	CCNQ	ENSG00000262919	300708
9200	HACD1	ENSG00000165996	610467
9209	LRRFIP2	ENSG00000093167	614043
920	CD4	ENSG00000010610	186940
9210	BMP15	ENSG00000130385	300247
92259	MRPS36	ENSG00000134056	611996
9228	DLGAP2	ENSG00000198010	605438
9261	MAPKAPK2	ENSG00000162889	602006
92745	SLC38A5	ENSG00000017483	300649
9275	BCL7B	ENSG00000106635	605846
9277	WDR46	ENSG00000227057	611440
9278	ZBTB22	ENSG00000236104	611439
9299	SNORD30	ENSG00000277846	603229
9300	SNORD28	ENSG00000274544	603227
9301	SNORD27	ENSG00000275996	603226
9302	SNORD26	ENSG00000276788	603225
9303	SNORD25	ENSG00000275043	603224
9304	SNORD22	ENSG00000277194	603223
9326	ZNHIT3	ENSG00000273611	604500
9354	UBE4A	ENSG00000110344	603753
9374	PPT2	ENSG00000221988	603298
9383	TSIX	ENSG00000270641	300181
93979	CPA5	ENSG00000158525	609561
94009	SERHL	ENSG00000172250	607979
94086	HSPB9	ENSG00000260325	608344
94104	PAXBP1	ENSG00000159086	617621
9437	NCR1	ENSG00000189430	604530
9500	MAGED1	ENSG00000179222	300224
9502	XAGE2	ENSG00000155622	300416
9506	PAGE4	ENSG00000101951	300287
9554	SEC22B	ENSG00000265808	604029
9557	CHD1L	ENSG00000131778	613039
9560	CCL4L2	ENSG00000276070	610757
95681	CEP41	ENSG00000106477	610523
9629	CLCA3P	ENSG00000153923	604337
9641	IKBKE	ENSG00000263528	605048
9656	MDC1	ENSG00000137337	607593
9659	PDE4DIP	ENSG00000178104	608117
9674	KIAA0040	ENSG00000235750	616696
9705	ST18	ENSG00000147488	617155
9721	GPRIN2	ENSG00000204175	611240
9730	DCAF1	ENSG00000145041	617259
973	CD79A	ENSG00000105369	112205
9752	PCDHA9	ENSG00000204961	606315
9753	ZSCAN12	ENSG00000158691	603978
9823	ARMCX2	ENSG00000184867	300363
9834	FAM30A	ENSG00000226777	616623
9848	MFAP3L	ENSG00000198948	616523
9849	ZNF518A	ENSG00000177853	617733
9866	TRIM66	ENSG00000166436	612000
9883	POM121	ENSG00000196313	615753
9900	SV2A	ENSG00000159164	185860
9939	RBM8A	ENSG00000265241	605313
9994	CASP8AP2	ENSG00000118412	606880
